{
    "dx_km": {
        "mean": -0.0047418358735740185,
        "std": 1.195426344871521
    },
    "dy_km": {
        "mean": -0.004839151632040739,
        "std": 1.4445018768310547
    },
    "dz_km": {
        "mean": -0.005777756217867136,
        "std": 0.7218493819236755
    }
}