{
    "inclination": {
        "mean": 1.2534124670297657,
        "std": 0.536064563335574
    },
    "eccentricity": {
        "mean": 0.03070203809867635,
        "std": 0.11486714575043476
    },
    "raan": {
        "mean": 2.8652402322074946,
        "std": 1.8165957881397992
    },
    "arg_perigee": {
        "mean": 3.003389445194239,
        "std": 1.784826484685508
    },
    "mean_anomaly": {
        "mean": 3.3069165614578266,
        "std": 1.8156129590976444
    },
    "mean_motion": {
        "mean": 0.0529135256939829,
        "std": 0.019922098234798354
    },
    "bstar": {
        "mean": 0.0010727926880943009,
        "std": 0.014173334375810257
    },
    "x_km": {
        "mean": -819.2478471446126,
        "std": 10940.322170124473
    },
    "y_km": {
        "mean": 425.1373051063922,
        "std": 11829.221917908564
    },
    "z_km": {
        "mean": 1385.6949875174032,
        "std": 2845.8628501483076
    }
}